id,kickoff_time_formatted,started,event_day,deadline_time,deadline_time_formatted,team_h_difficulty,team_a_difficulty,code,kickoff_time,team_h_score,team_a_score,finished,minutes,provisional_start_time,finished_provisional,event,team_a,team_h
1,11 Aug 19:45,1,1,2017-08-11T17:45:00Z,11 Aug 18:45,3,4,918893,2017-08-11T18:45:00Z,4,3,1,90,0,1,1,9,1
2,12 Aug 17:30,1,2,2017-08-11T17:45:00Z,11 Aug 18:45,5,2,918894,2017-08-12T16:30:00Z,0,2,1,90,0,1,1,11,3
3,12 Aug 15:00,1,2,2017-08-11T17:45:00Z,11 Aug 18:45,3,4,918895,2017-08-12T14:00:00Z,2,3,1,90,0,1,1,4,5
4,12 Aug 15:00,1,2,2017-08-11T17:45:00Z,11 Aug 18:45,2,3,918896,2017-08-12T14:00:00Z,0,3,1,90,0,1,1,8,6
5,12 Aug 15:00,1,2,2017-08-11T17:45:00Z,11 Aug 18:45,2,3,918897,2017-08-12T14:00:00Z,1,0,1,90,0,1,1,15,7
6,12 Aug 15:00,1,2,2017-08-11T17:45:00Z,11 Aug 18:45,2,2,918900,2017-08-12T14:00:00Z,0,0,1,90,0,1,1,16,14
7,12 Aug 12:30,1,2,2017-08-11T17:45:00Z,11 Aug 18:45,4,3,918901,2017-08-12T11:30:00Z,3,3,1,90,0,1,1,10,18
8,12 Aug 15:00,1,2,2017-08-11T17:45:00Z,11 Aug 18:45,3,2,918902,2017-08-12T14:00:00Z,1,0,1,90,0,1,1,2,19
9,13 Aug 16:00,1,3,2017-08-11T17:45:00Z,11 Aug 18:45,2,4,918898,2017-08-13T15:00:00Z,4,0,1,90,0,1,1,20,12
10,13 Aug 13:30,1,3,2017-08-11T17:45:00Z,11 Aug 18:45,4,3,918899,2017-08-13T12:30:00Z,0,2,1,90,0,1,1,17,13
11,19 Aug 15:00,1,1,2017-08-19T10:30:00Z,19 Aug 11:30,2,3,918903,2017-08-19T14:00:00Z,0,2,1,90,0,1,2,18,2
12,19 Aug 15:00,1,1,2017-08-19T10:30:00Z,19 Aug 11:30,2,3,918904,2017-08-19T14:00:00Z,0,1,1,90,0,1,2,19,4
13,19 Aug 15:00,1,1,2017-08-19T10:30:00Z,19 Aug 11:30,2,3,918906,2017-08-19T14:00:00Z,2,0,1,90,0,1,2,3,9
14,19 Aug 15:00,1,1,2017-08-19T10:30:00Z,19 Aug 11:30,2,4,918907,2017-08-19T14:00:00Z,1,0,1,90,0,1,2,6,10
15,19 Aug 15:00,1,1,2017-08-19T10:30:00Z,19 Aug 11:30,2,2,919210,2017-08-19T14:00:00Z,3,2,1,90,0,1,2,20,14
16,19 Aug 17:30,1,1,2017-08-19T10:30:00Z,19 Aug 11:30,4,2,918909,2017-08-19T16:30:00Z,1,0,1,90,0,1,2,1,15
17,19 Aug 12:30,1,1,2017-08-19T10:30:00Z,19 Aug 11:30,4,3,918910,2017-08-19T11:30:00Z,0,4,1,90,0,1,2,12,16
18,20 Aug 13:30,1,2,2017-08-19T10:30:00Z,19 Aug 11:30,3,2,918905,2017-08-20T12:30:00Z,1,0,1,90,0,1,2,13,8
19,20 Aug 16:00,1,2,2017-08-19T10:30:00Z,19 Aug 11:30,4,4,918911,2017-08-20T15:00:00Z,1,2,1,90,0,1,2,5,17
20,21 Aug 20:00,1,3,2017-08-19T10:30:00Z,19 Aug 11:30,2,5,918908,2017-08-21T19:00:00Z,1,1,1,90,0,1,2,7,11
21,26 Aug 12:30,1,1,2017-08-26T10:30:00Z,26 Aug 11:30,5,3,918913,2017-08-26T11:30:00Z,1,2,1,90,0,1,3,11,2
22,27 Aug 13:30,1,2,2017-08-26T10:30:00Z,26 Aug 11:30,2,4,918914,2017-08-27T12:30:00Z,2,0,1,90,0,1,3,7,5
23,26 Aug 15:00,1,1,2017-08-26T10:30:00Z,26 Aug 11:30,2,3,918915,2017-08-26T14:00:00Z,0,2,1,90,0,1,3,16,6
24,26 Aug 15:00,1,1,2017-08-26T10:30:00Z,26 Aug 11:30,2,2,918916,2017-08-26T14:00:00Z,0,0,1,90,0,1,3,14,8
25,26 Aug 17:30,1,1,2017-08-26T10:30:00Z,26 Aug 11:30,3,4,918918,2017-08-26T16:30:00Z,2,0,1,90,0,1,3,9,12
26,26 Aug 15:00,1,1,2017-08-26T10:30:00Z,26 Aug 11:30,2,3,918919,2017-08-26T14:00:00Z,3,0,1,90,0,1,3,20,13
27,26 Aug 15:00,1,1,2017-08-26T10:30:00Z,26 Aug 11:30,2,3,918921,2017-08-26T14:00:00Z,0,0,1,90,0,1,3,3,18
28,27 Aug 16:00,1,2,2017-08-26T10:30:00Z,26 Aug 11:30,4,4,918917,2017-08-27T15:00:00Z,4,0,1,90,0,1,3,1,10
29,27 Aug 16:00,1,2,2017-08-26T10:30:00Z,26 Aug 11:30,3,4,918920,2017-08-27T15:00:00Z,1,1,1,90,0,1,3,4,17
30,27 Aug 13:30,1,2,2017-08-26T10:30:00Z,26 Aug 11:30,2,2,918922,2017-08-27T12:30:00Z,1,1,1,90,0,1,3,15,19
31,09 Sep 15:00,1,1,2017-09-09T10:30:00Z,09 Sep 11:30,3,4,918923,2017-09-09T14:00:00Z,3,0,1,90,0,1,4,2,1
32,09 Sep 15:00,1,1,2017-09-09T10:30:00Z,09 Sep 11:30,2,2,918924,2017-09-09T14:00:00Z,3,1,1,90,0,1,4,19,3
33,09 Sep 15:00,1,1,2017-09-09T10:30:00Z,09 Sep 11:30,4,3,918926,2017-09-09T14:00:00Z,0,3,1,90,0,1,4,17,7
34,09 Sep 15:00,1,1,2017-09-09T10:30:00Z,09 Sep 11:30,4,3,918927,2017-09-09T14:00:00Z,1,2,1,90,0,1,4,5,9
35,09 Sep 12:30,1,1,2017-09-09T10:30:00Z,09 Sep 11:30,4,5,918928,2017-09-09T11:30:00Z,5,0,1,90,0,1,4,10,11
36,09 Sep 15:00,1,1,2017-09-09T10:30:00Z,09 Sep 11:30,2,2,918929,2017-09-09T14:00:00Z,0,2,1,90,0,1,4,18,14
37,09 Sep 17:30,1,1,2017-09-09T10:30:00Z,09 Sep 11:30,4,2,918930,2017-09-09T16:30:00Z,2,2,1,90,0,1,4,12,15
38,10 Sep 13:30,1,2,2017-09-09T10:30:00Z,09 Sep 11:30,2,3,918925,2017-09-10T12:30:00Z,1,0,1,90,0,1,4,6,4
39,10 Sep 16:00,1,2,2017-09-09T10:30:00Z,09 Sep 11:30,3,3,918931,2017-09-10T15:00:00Z,0,1,1,90,0,1,4,13,16
40,11 Sep 20:00,1,3,2017-09-09T10:30:00Z,09 Sep 11:30,2,3,918932,2017-09-11T19:00:00Z,2,0,1,90,0,1,4,8,20
41,15 Sep 20:00,1,1,2017-09-15T18:00:00Z,15 Sep 19:00,2,3,918933,2017-09-15T19:00:00Z,2,1,1,90,0,1,5,3,2
42,16 Sep 12:30,1,2,2017-09-15T18:00:00Z,15 Sep 19:00,2,3,918935,2017-09-16T11:30:00Z,0,1,1,90,0,1,5,14,6
43,16 Sep 15:00,1,2,2017-09-15T18:00:00Z,15 Sep 19:00,3,2,918936,2017-09-16T14:00:00Z,1,1,1,90,0,1,5,9,8
44,16 Sep 15:00,1,2,2017-09-15T18:00:00Z,15 Sep 19:00,3,4,918937,2017-09-16T14:00:00Z,1,1,1,90,0,1,5,4,10
45,16 Sep 15:00,1,2,2017-09-15T18:00:00Z,15 Sep 19:00,2,3,918939,2017-09-16T14:00:00Z,2,1,1,90,0,1,5,15,13
46,16 Sep 17:30,1,2,2017-09-15T18:00:00Z,15 Sep 19:00,2,4,918940,2017-09-16T16:30:00Z,0,0,1,90,0,1,5,16,17
47,16 Sep 15:00,1,2,2017-09-15T18:00:00Z,15 Sep 19:00,5,3,918941,2017-09-16T14:00:00Z,0,6,1,90,0,1,5,11,18
48,16 Sep 15:00,1,2,2017-09-15T18:00:00Z,15 Sep 19:00,2,2,918942,2017-09-16T14:00:00Z,0,0,1,90,0,1,5,20,19
49,17 Sep 13:30,1,3,2017-09-15T18:00:00Z,15 Sep 19:00,4,4,918934,2017-09-17T12:30:00Z,0,0,1,90,0,1,5,1,5
50,17 Sep 16:00,1,3,2017-09-15T18:00:00Z,15 Sep 19:00,2,4,918938,2017-09-17T15:00:00Z,4,0,1,90,0,1,5,7,12
51,23 Sep 15:00,1,1,2017-09-23T10:30:00Z,23 Sep 11:30,2,3,918945,2017-09-23T14:00:00Z,0,0,1,90,0,1,6,8,4
52,23 Sep 15:00,1,1,2017-09-23T10:30:00Z,23 Sep 11:30,3,3,918946,2017-09-23T14:00:00Z,2,1,1,90,0,1,6,2,7
53,23 Sep 17:30,1,1,2017-09-23T10:30:00Z,23 Sep 11:30,4,3,918947,2017-09-23T16:30:00Z,2,3,1,90,0,1,6,10,9
54,23 Sep 15:00,1,1,2017-09-23T10:30:00Z,23 Sep 11:30,2,5,918948,2017-09-23T14:00:00Z,5,0,1,90,0,1,6,6,11
55,23 Sep 15:00,1,1,2017-09-23T10:30:00Z,23 Sep 11:30,4,2,918949,2017-09-23T14:00:00Z,0,1,1,90,0,1,6,12,14
56,23 Sep 15:00,1,1,2017-09-23T10:30:00Z,23 Sep 11:30,4,2,918950,2017-09-23T14:00:00Z,0,4,1,90,0,1,6,5,15
57,23 Sep 15:00,1,1,2017-09-23T10:30:00Z,23 Sep 11:30,2,3,918951,2017-09-23T14:00:00Z,1,2,1,90,0,1,6,18,16
58,23 Sep 12:30,1,1,2017-09-23T10:30:00Z,23 Sep 11:30,4,3,918952,2017-09-23T11:30:00Z,2,3,1,90,0,1,6,17,20
59,24 Sep 16:00,1,2,2017-09-23T10:30:00Z,23 Sep 11:30,3,2,918944,2017-09-24T15:00:00Z,1,0,1,90,0,1,6,13,3
60,25 Sep 20:00,1,3,2017-09-23T10:30:00Z,23 Sep 11:30,2,4,918943,2017-09-25T19:00:00Z,2,0,1,90,0,1,6,19,1
61,30 Sep 15:00,1,1,2017-09-30T10:30:00Z,30 Sep 11:30,3,3,918953,2017-09-30T14:00:00Z,0,0,1,90,0,1,7,9,2
62,30 Sep 17:30,1,1,2017-09-30T10:30:00Z,30 Sep 11:30,5,4,918955,2017-09-30T16:30:00Z,0,1,1,90,0,1,7,11,5
63,30 Sep 12:30,1,1,2017-09-30T10:30:00Z,30 Sep 11:30,4,2,918957,2017-09-30T11:30:00Z,0,4,1,90,0,1,7,17,8
64,30 Sep 15:00,1,1,2017-09-30T10:30:00Z,30 Sep 11:30,2,4,918958,2017-09-30T14:00:00Z,4,0,1,90,0,1,7,6,12
65,30 Sep 15:00,1,1,2017-09-30T10:30:00Z,30 Sep 11:30,2,2,918960,2017-09-30T14:00:00Z,2,1,1,90,0,1,7,14,15
66,30 Sep 15:00,1,1,2017-09-30T10:30:00Z,30 Sep 11:30,2,2,918961,2017-09-30T14:00:00Z,2,2,1,90,0,1,7,18,19
67,30 Sep 15:00,1,1,2017-09-30T10:30:00Z,30 Sep 11:30,2,3,918962,2017-09-30T14:00:00Z,1,0,1,90,0,1,7,16,20
68,01 Oct 12:00,1,2,2017-09-30T10:30:00Z,30 Sep 11:30,2,4,918954,2017-10-01T11:00:00Z,2,0,1,90,0,1,7,3,1
69,01 Oct 14:15,1,2,2017-09-30T10:30:00Z,30 Sep 11:30,3,3,918956,2017-10-01T13:15:00Z,0,1,1,90,0,1,7,4,7
70,01 Oct 16:30,1,2,2017-09-30T10:30:00Z,30 Sep 11:30,4,3,918959,2017-10-01T15:30:00Z,1,1,1,90,0,1,7,10,13
71,15 Oct 13:30,1,2,2017-10-14T10:30:00Z,14 Oct 11:30,2,2,918963,2017-10-15T12:30:00Z,1,1,1,90,0,1,8,7,3
72,14 Oct 15:00,1,1,2017-10-14T10:30:00Z,14 Oct 11:30,2,3,918964,2017-10-14T14:00:00Z,1,1,1,90,0,1,8,20,4
73,14 Oct 15:00,1,1,2017-10-14T10:30:00Z,14 Oct 11:30,4,3,918965,2017-10-14T14:00:00Z,2,1,1,90,0,1,8,5,6
74,16 Oct 20:00,1,3,2017-10-14T10:30:00Z,14 Oct 11:30,2,3,918966,2017-10-16T19:00:00Z,1,1,1,90,0,1,8,19,9
75,14 Oct 12:30,1,1,2017-10-14T10:30:00Z,14 Oct 11:30,4,4,918967,2017-10-14T11:30:00Z,0,0,1,90,0,1,8,12,10
76,14 Oct 15:00,1,1,2017-10-14T10:30:00Z,14 Oct 11:30,2,5,918968,2017-10-14T14:00:00Z,7,2,1,90,0,1,8,15,11
77,15 Oct 16:00,1,2,2017-10-14T10:30:00Z,14 Oct 11:30,3,2,918969,2017-10-15T15:00:00Z,2,2,1,90,0,1,8,13,14
78,14 Oct 15:00,1,1,2017-10-14T10:30:00Z,14 Oct 11:30,2,3,918970,2017-10-14T14:00:00Z,2,0,1,90,0,1,8,8,16
79,14 Oct 15:00,1,1,2017-10-14T10:30:00Z,14 Oct 11:30,3,4,918971,2017-10-14T14:00:00Z,1,0,1,90,0,1,8,2,17
80,14 Oct 17:30,1,1,2017-10-14T10:30:00Z,14 Oct 11:30,4,3,918972,2017-10-14T16:30:00Z,2,1,1,90,0,1,8,1,18
81,21 Oct 12:30,1,2,2017-10-20T18:00:00Z,20 Oct 19:00,2,4,918973,2017-10-21T11:30:00Z,4,2,1,90,0,1,9,18,5
82,22 Oct 13:30,1,3,2017-10-20T18:00:00Z,20 Oct 19:00,4,3,918974,2017-10-22T12:30:00Z,2,5,1,90,0,1,9,1,7
83,21 Oct 15:00,1,2,2017-10-20T18:00:00Z,20 Oct 19:00,4,2,918975,2017-10-21T14:00:00Z,2,1,1,90,0,1,9,12,8
84,21 Oct 15:00,1,2,2017-10-20T18:00:00Z,20 Oct 19:00,3,5,918976,2017-10-21T14:00:00Z,3,0,1,90,0,1,9,4,11
85,21 Oct 15:00,1,2,2017-10-20T18:00:00Z,20 Oct 19:00,2,3,918977,2017-10-21T14:00:00Z,1,0,1,90,0,1,9,6,13
86,21 Oct 17:30,1,2,2017-10-20T18:00:00Z,20 Oct 19:00,2,2,918978,2017-10-21T16:30:00Z,1,0,1,90,0,1,9,19,14
87,21 Oct 15:00,1,2,2017-10-20T18:00:00Z,20 Oct 19:00,3,2,918979,2017-10-21T14:00:00Z,1,2,1,90,0,1,9,2,15
88,21 Oct 15:00,1,2,2017-10-20T18:00:00Z,20 Oct 19:00,3,3,918980,2017-10-21T14:00:00Z,1,2,1,90,0,1,9,9,16
89,22 Oct 16:00,1,3,2017-10-20T18:00:00Z,20 Oct 19:00,4,4,918981,2017-10-22T15:00:00Z,4,1,1,90,0,1,9,10,17
90,20 Oct 20:00,1,1,2017-10-20T18:00:00Z,20 Oct 19:00,2,3,918982,2017-10-20T19:00:00Z,0,3,1,90,0,1,9,3,20
91,28 Oct 15:00,1,1,2017-10-28T10:30:00Z,28 Oct 11:30,2,4,918984,2017-10-28T14:00:00Z,2,1,1,90,0,1,10,16,1
92,28 Oct 17:30,1,1,2017-10-28T10:30:00Z,28 Oct 11:30,4,3,918983,2017-10-28T16:30:00Z,0,1,1,90,0,1,10,5,2
93,29 Oct 13:30,1,2,2017-10-28T10:30:00Z,28 Oct 11:30,2,2,918985,2017-10-29T13:30:00Z,1,1,1,90,0,1,10,14,3
94,30 Oct 20:00,1,3,2017-10-28T10:30:00Z,28 Oct 11:30,3,3,918986,2017-10-30T20:00:00Z,1,0,1,90,0,1,10,13,4
95,28 Oct 15:00,1,1,2017-10-28T10:30:00Z,28 Oct 11:30,2,3,918987,2017-10-28T14:00:00Z,2,2,1,90,0,1,10,20,6
96,29 Oct 16:00,1,2,2017-10-28T10:30:00Z,28 Oct 11:30,2,3,918988,2017-10-29T16:00:00Z,2,0,1,90,0,1,10,7,9
97,28 Oct 15:00,1,1,2017-10-28T10:30:00Z,28 Oct 11:30,2,4,918989,2017-10-28T14:00:00Z,3,0,1,90,0,1,10,8,10
98,28 Oct 12:30,1,1,2017-10-28T10:30:00Z,28 Oct 11:30,4,4,918990,2017-10-28T11:30:00Z,1,0,1,90,0,1,10,17,12
99,28 Oct 15:00,1,1,2017-10-28T10:30:00Z,28 Oct 11:30,2,3,918991,2017-10-28T14:00:00Z,0,1,1,90,0,1,10,15,18
100,28 Oct 15:00,1,1,2017-10-28T10:30:00Z,28 Oct 11:30,5,2,918992,2017-10-28T14:00:00Z,2,3,1,90,0,1,10,11,19
101,05 Nov 16:30,1,2,2017-11-04T11:30:00Z,04 Nov 11:30,4,4,918993,2017-11-05T16:30:00Z,1,0,1,90,0,1,11,12,5
102,05 Nov 16:30,1,2,2017-11-04T11:30:00Z,04 Nov 11:30,2,3,918994,2017-11-05T16:30:00Z,3,2,1,90,0,1,11,18,7
103,04 Nov 15:00,1,1,2017-11-04T11:30:00Z,04 Nov 11:30,2,2,918995,2017-11-04T15:00:00Z,1,0,1,90,0,1,11,19,8
104,04 Nov 15:00,1,1,2017-11-04T11:30:00Z,04 Nov 11:30,3,3,918997,2017-11-04T15:00:00Z,0,1,1,90,0,1,11,2,13
105,04 Nov 15:00,1,1,2017-11-04T11:30:00Z,04 Nov 11:30,3,2,918998,2017-11-04T15:00:00Z,0,1,1,90,0,1,11,4,14
106,04 Nov 12:30,1,1,2017-11-04T11:30:00Z,04 Nov 11:30,3,2,918999,2017-11-04T12:30:00Z,2,2,1,90,0,1,11,9,15
107,04 Nov 15:00,1,1,2017-11-04T11:30:00Z,04 Nov 11:30,2,3,919000,2017-11-04T15:00:00Z,0,1,1,90,0,1,11,3,16
108,05 Nov 12:00,1,2,2017-11-04T11:30:00Z,04 Nov 11:30,2,4,919001,2017-11-05T12:00:00Z,1,0,1,90,0,1,11,6,17
109,04 Nov 17:30,1,1,2017-11-04T11:30:00Z,04 Nov 11:30,4,3,919002,2017-11-04T17:30:00Z,1,4,1,90,0,1,11,10,20
110,05 Nov 14:15,1,2,2017-11-04T11:30:00Z,04 Nov 11:30,4,5,918996,2017-11-05T14:15:00Z,3,1,1,90,0,1,11,1,11
111,18 Nov 12:30,1,1,2017-11-18T11:30:00Z,18 Nov 11:30,4,4,919004,2017-11-18T12:30:00Z,2,0,1,90,0,1,12,17,1
112,18 Nov 15:00,1,1,2017-11-18T11:30:00Z,18 Nov 11:30,2,3,919003,2017-11-18T15:00:00Z,4,0,1,90,0,1,12,8,2
113,20 Nov 20:00,1,3,2017-11-18T11:30:00Z,18 Nov 11:30,2,2,919005,2017-11-20T20:00:00Z,2,2,1,90,0,1,12,15,3
114,18 Nov 15:00,1,1,2017-11-18T11:30:00Z,18 Nov 11:30,2,3,919006,2017-11-18T15:00:00Z,2,0,1,90,0,1,12,16,4
115,18 Nov 15:00,1,1,2017-11-18T11:30:00Z,18 Nov 11:30,2,3,919007,2017-11-18T15:00:00Z,2,2,1,90,0,1,12,7,6
116,18 Nov 15:00,1,1,2017-11-18T11:30:00Z,18 Nov 11:30,5,3,919008,2017-11-18T15:00:00Z,0,2,1,90,0,1,12,11,9
117,18 Nov 15:00,1,1,2017-11-18T11:30:00Z,18 Nov 11:30,2,4,919009,2017-11-18T15:00:00Z,3,0,1,90,0,1,12,14,10
118,18 Nov 17:30,1,1,2017-11-18T11:30:00Z,18 Nov 11:30,3,4,919010,2017-11-18T17:30:00Z,4,1,1,90,0,1,12,13,12
119,19 Nov 16:00,1,2,2017-11-18T11:30:00Z,18 Nov 11:30,2,3,919011,2017-11-19T16:00:00Z,2,0,1,90,0,1,12,20,18
120,18 Nov 15:00,1,1,2017-11-18T11:30:00Z,18 Nov 11:30,4,2,919012,2017-11-18T15:00:00Z,0,4,1,90,0,1,12,5,19
121,25 Nov 15:00,1,2,2017-11-24T19:00:00Z,24 Nov 19:00,2,3,919014,2017-11-25T15:00:00Z,2,1,1,90,0,1,13,15,6
122,26 Nov 16:00,1,3,2017-11-24T19:00:00Z,24 Nov 19:00,5,2,919015,2017-11-26T16:00:00Z,1,2,1,90,0,1,13,11,8
123,25 Nov 17:30,1,2,2017-11-24T19:00:00Z,24 Nov 19:00,4,4,919016,2017-11-25T17:30:00Z,1,1,1,90,0,1,13,5,10
124,25 Nov 15:00,1,2,2017-11-24T19:00:00Z,24 Nov 19:00,2,4,919017,2017-11-25T15:00:00Z,1,0,1,90,0,1,13,3,12
125,25 Nov 15:00,1,2,2017-11-24T19:00:00Z,24 Nov 19:00,2,3,919018,2017-11-25T15:00:00Z,0,3,1,90,0,1,13,18,13
126,26 Nov 13:30,1,3,2017-11-24T19:00:00Z,24 Nov 19:00,2,2,919019,2017-11-26T13:30:00Z,4,1,1,90,0,1,13,7,14
127,25 Nov 15:00,1,2,2017-11-24T19:00:00Z,24 Nov 19:00,3,3,919020,2017-11-25T15:00:00Z,0,0,1,90,0,1,13,2,16
128,25 Nov 15:00,1,2,2017-11-24T19:00:00Z,24 Nov 19:00,2,4,919021,2017-11-25T15:00:00Z,1,1,1,90,0,1,13,19,17
129,24 Nov 20:00,1,1,2017-11-24T19:00:00Z,24 Nov 19:00,3,3,919022,2017-11-24T20:00:00Z,1,1,1,90,0,1,13,9,20
130,26 Nov 14:00,1,3,2017-11-24T19:00:00Z,24 Nov 19:00,4,3,919013,2017-11-26T14:00:00Z,0,1,1,90,0,1,13,1,4
131,28 Nov 19:45,1,1,2017-11-28T18:45:00Z,28 Nov 18:45,2,2,919025,2017-11-28T19:45:00Z,0,0,1,90,0,1,14,6,3
132,28 Nov 19:45,1,1,2017-11-28T18:45:00Z,28 Nov 18:45,4,3,919026,2017-11-28T19:45:00Z,2,1,1,90,0,1,14,17,9
133,28 Nov 20:00,1,1,2017-11-28T18:45:00Z,28 Nov 18:45,4,3,919027,2017-11-28T20:00:00Z,2,4,1,90,0,1,14,12,18
134,28 Nov 20:00,1,1,2017-11-28T18:45:00Z,28 Nov 18:45,3,2,919028,2017-11-28T20:00:00Z,2,2,1,90,0,1,14,13,19
135,29 Nov 19:45,1,2,2017-11-28T18:45:00Z,28 Nov 18:45,2,4,919024,2017-11-29T19:45:00Z,5,0,1,90,0,1,14,8,1
136,29 Nov 19:45,1,2,2017-11-28T18:45:00Z,28 Nov 18:45,3,3,919023,2017-11-29T19:45:00Z,1,2,1,90,0,1,14,4,2
137,29 Nov 19:45,1,2,2017-11-28T18:45:00Z,28 Nov 18:45,2,4,919029,2017-11-29T19:45:00Z,1,0,1,90,0,1,14,16,5
138,29 Nov 20:00,1,2,2017-11-28T18:45:00Z,28 Nov 18:45,2,3,919030,2017-11-29T20:00:00Z,4,0,1,90,0,1,14,20,7
139,29 Nov 20:00,1,2,2017-11-28T18:45:00Z,28 Nov 18:45,2,5,919031,2017-11-29T20:00:00Z,2,1,1,90,0,1,14,14,11
140,29 Nov 20:00,1,2,2017-11-28T18:45:00Z,28 Nov 18:45,4,2,919032,2017-11-29T20:00:00Z,0,3,1,90,0,1,14,10,15
141,02 Dec 17:30,1,1,2017-12-02T11:30:00Z,02 Dec 11:30,4,4,919034,2017-12-02T17:30:00Z,1,3,1,90,0,1,15,12,1
142,03 Dec 13:30,1,2,2017-12-02T11:30:00Z,02 Dec 11:30,2,3,919033,2017-12-03T13:30:00Z,1,1,1,90,0,1,15,14,2
143,02 Dec 15:00,1,1,2017-12-02T11:30:00Z,02 Dec 11:30,4,2,919035,2017-12-02T15:00:00Z,1,5,1,90,0,1,15,10,3
144,02 Dec 12:30,1,1,2017-12-02T11:30:00Z,02 Dec 11:30,3,4,919036,2017-12-02T12:30:00Z,3,1,1,90,0,1,15,13,5
145,02 Dec 15:00,1,1,2017-12-02T11:30:00Z,02 Dec 11:30,2,3,919037,2017-12-02T15:00:00Z,2,0,1,90,0,1,15,8,7
146,02 Dec 15:00,1,1,2017-12-02T11:30:00Z,02 Dec 11:30,3,3,919038,2017-12-02T15:00:00Z,1,0,1,90,0,1,15,4,9
147,03 Dec 16:00,1,2,2017-12-02T11:30:00Z,02 Dec 11:30,2,5,919039,2017-12-03T16:00:00Z,2,1,1,90,0,1,15,20,11
148,02 Dec 15:00,1,1,2017-12-02T11:30:00Z,02 Dec 11:30,2,2,919040,2017-12-02T15:00:00Z,2,1,1,90,0,1,15,16,15
149,02 Dec 15:00,1,1,2017-12-02T11:30:00Z,02 Dec 11:30,4,3,919041,2017-12-02T15:00:00Z,1,1,1,90,0,1,15,17,18
150,02 Dec 15:00,1,1,2017-12-02T11:30:00Z,02 Dec 11:30,2,2,919042,2017-12-02T15:00:00Z,0,0,1,90,0,1,15,6,19
151,09 Dec 15:00,1,1,2017-12-09T11:30:00Z,09 Dec 11:30,2,3,919043,2017-12-09T15:00:00Z,1,0,1,90,0,1,16,18,4
152,09 Dec 15:00,1,1,2017-12-09T11:30:00Z,09 Dec 11:30,3,3,919044,2017-12-09T15:00:00Z,2,2,1,90,0,1,16,2,6
153,09 Dec 15:00,1,1,2017-12-09T11:30:00Z,09 Dec 11:30,2,2,919045,2017-12-09T15:00:00Z,2,0,1,90,0,1,16,3,8
154,10 Dec 14:15,1,2,2017-12-09T11:30:00Z,09 Dec 11:30,2,4,919046,2017-12-10T14:15:00Z,1,1,1,90,0,1,16,7,10
155,10 Dec 16:30,1,2,2017-12-09T11:30:00Z,09 Dec 11:30,5,4,919047,2017-12-10T16:30:00Z,1,2,1,90,0,1,16,11,12
156,09 Dec 17:30,1,1,2017-12-09T11:30:00Z,09 Dec 11:30,3,3,919048,2017-12-09T17:30:00Z,2,3,1,90,0,1,16,9,13
157,09 Dec 15:00,1,1,2017-12-09T11:30:00Z,09 Dec 11:30,2,3,919050,2017-12-09T15:00:00Z,1,0,1,90,0,1,16,19,16
158,09 Dec 15:00,1,1,2017-12-09T11:30:00Z,09 Dec 11:30,2,4,919051,2017-12-09T15:00:00Z,5,1,1,90,0,1,16,15,17
159,09 Dec 12:30,1,1,2017-12-09T11:30:00Z,09 Dec 11:30,4,3,919052,2017-12-09T12:30:00Z,1,0,1,90,0,1,16,5,20
160,10 Dec 12:00,1,2,2017-12-09T11:30:00Z,09 Dec 11:30,4,2,919049,2017-12-10T12:00:00Z,1,1,1,90,0,1,16,1,14
161,12 Dec 19:45,1,1,2017-12-12T18:45:00Z,12 Dec 18:45,2,3,919053,2017-12-12T19:45:00Z,1,0,1,90,0,1,17,15,4
162,12 Dec 20:00,1,1,2017-12-12T18:45:00Z,12 Dec 18:45,2,3,919054,2017-12-12T20:00:00Z,2,1,1,90,0,1,17,18,6
163,12 Dec 20:00,1,1,2017-12-12T18:45:00Z,12 Dec 18:45,4,2,919055,2017-12-12T20:00:00Z,1,3,1,90,0,1,17,5,8
164,13 Dec 20:00,1,2,2017-12-12T18:45:00Z,12 Dec 18:45,3,4,919056,2017-12-13T20:00:00Z,1,0,1,90,0,1,17,2,12
165,13 Dec 19:45,1,2,2017-12-12T18:45:00Z,12 Dec 18:45,5,3,919057,2017-12-13T19:45:00Z,0,4,1,90,0,1,17,11,16
166,13 Dec 20:00,1,2,2017-12-12T18:45:00Z,12 Dec 18:45,2,4,919059,2017-12-13T20:00:00Z,0,0,1,90,0,1,17,19,10
167,13 Dec 19:45,1,2,2017-12-12T18:45:00Z,12 Dec 18:45,2,3,919060,2017-12-13T19:45:00Z,0,1,1,90,0,1,17,7,13
168,13 Dec 19:45,1,2,2017-12-12T18:45:00Z,12 Dec 18:45,3,2,919061,2017-12-13T19:45:00Z,1,4,1,90,0,1,17,9,14
169,13 Dec 20:00,1,2,2017-12-12T18:45:00Z,12 Dec 18:45,2,4,919062,2017-12-13T20:00:00Z,2,0,1,90,0,1,17,3,17
170,13 Dec 20:00,1,2,2017-12-12T18:45:00Z,12 Dec 18:45,4,3,919058,2017-12-13T20:00:00Z,0,0,1,90,0,1,17,1,20
171,16 Dec 15:00,1,1,2017-12-16T11:30:00Z,16 Dec 11:30,3,4,919064,2017-12-16T15:00:00Z,1,0,1,90,0,1,18,13,1
172,17 Dec 16:30,1,2,2017-12-16T11:30:00Z,16 Dec 11:30,4,3,919063,2017-12-17T16:30:00Z,0,4,1,90,0,1,18,10,2
173,16 Dec 15:00,1,1,2017-12-16T11:30:00Z,16 Dec 11:30,3,2,919065,2017-12-16T15:00:00Z,0,0,1,90,0,1,18,4,3
174,16 Dec 15:00,1,1,2017-12-16T11:30:00Z,16 Dec 11:30,2,4,919066,2017-12-16T15:00:00Z,1,0,1,90,0,1,18,14,5
175,18 Dec 20:00,1,3,2017-12-16T11:30:00Z,16 Dec 11:30,2,3,919067,2017-12-18T20:00:00Z,3,1,1,90,0,1,18,16,7
176,16 Dec 12:30,1,1,2017-12-16T11:30:00Z,16 Dec 11:30,2,3,919068,2017-12-16T12:30:00Z,0,3,1,90,0,1,18,6,9
177,16 Dec 17:30,1,1,2017-12-16T11:30:00Z,16 Dec 11:30,4,5,919069,2017-12-16T17:30:00Z,4,1,1,90,0,1,18,17,11
178,16 Dec 16:00,1,1,2017-12-16T11:30:00Z,16 Dec 11:30,2,2,919070,2017-12-16T16:00:00Z,0,3,1,90,0,1,18,20,15
179,16 Dec 15:00,1,1,2017-12-16T11:30:00Z,16 Dec 11:30,2,3,919071,2017-12-16T15:00:00Z,1,4,1,90,0,1,18,8,18
180,17 Dec 14:15,1,2,2017-12-16T11:30:00Z,16 Dec 11:30,4,2,919072,2017-12-17T14:15:00Z,1,2,1,90,0,1,18,12,19
181,22 Dec 19:45,1,1,2017-12-22T18:45:00Z,22 Dec 18:45,4,4,919073,2017-12-22T19:45:00Z,3,3,1,90,0,1,19,10,1
182,23 Dec 15:00,1,2,2017-12-22T18:45:00Z,22 Dec 18:45,2,2,919074,2017-12-23T15:00:00Z,1,0,1,90,0,1,19,18,3
183,23 Dec 17:30,1,2,2017-12-22T18:45:00Z,22 Dec 18:45,4,3,919075,2017-12-23T17:30:00Z,0,3,1,90,0,1,19,17,4
184,23 Dec 12:30,1,2,2017-12-22T18:45:00Z,22 Dec 18:45,4,3,919076,2017-12-23T12:30:00Z,0,0,1,90,0,1,19,5,7
185,23 Dec 19:45,1,2,2017-12-22T18:45:00Z,22 Dec 18:45,4,3,919077,2017-12-23T19:45:00Z,2,2,1,90,0,1,19,12,9
186,23 Dec 15:00,1,2,2017-12-22T18:45:00Z,22 Dec 18:45,3,5,919078,2017-12-23T15:00:00Z,4,0,1,90,0,1,19,2,11
187,23 Dec 15:00,1,2,2017-12-22T18:45:00Z,22 Dec 18:45,2,2,919079,2017-12-23T15:00:00Z,1,1,1,90,0,1,19,8,14
188,23 Dec 15:00,1,2,2017-12-22T18:45:00Z,22 Dec 18:45,2,2,919080,2017-12-23T15:00:00Z,3,1,1,90,0,1,19,19,15
189,23 Dec 15:00,1,2,2017-12-22T18:45:00Z,22 Dec 18:45,2,3,919081,2017-12-23T15:00:00Z,1,1,1,90,0,1,19,6,16
190,23 Dec 15:00,1,2,2017-12-22T18:45:00Z,22 Dec 18:45,3,3,919082,2017-12-23T15:00:00Z,2,3,1,90,0,1,19,13,20
191,26 Dec 15:00,1,1,2017-12-26T11:30:00Z,26 Dec 11:30,2,3,919083,2017-12-26T15:00:00Z,3,3,1,90,0,1,20,20,2
192,26 Dec 15:00,1,1,2017-12-26T11:30:00Z,26 Dec 11:30,2,4,919084,2017-12-26T15:00:00Z,2,0,1,90,0,1,20,3,5
193,28 Dec 20:00,1,3,2017-12-26T11:30:00Z,26 Dec 11:30,4,3,919085,2017-12-28T20:00:00Z,2,3,1,90,0,1,20,1,6
194,26 Dec 15:00,1,1,2017-12-26T11:30:00Z,26 Dec 11:30,2,2,919086,2017-12-26T15:00:00Z,1,1,1,90,0,1,20,15,8
195,26 Dec 17:30,1,1,2017-12-26T11:30:00Z,26 Dec 11:30,2,4,919087,2017-12-26T17:30:00Z,5,0,1,90,0,1,20,16,10
196,26 Dec 15:00,1,1,2017-12-26T11:30:00Z,26 Dec 11:30,3,4,919088,2017-12-26T15:00:00Z,2,2,1,90,0,1,20,4,12
197,27 Dec 19:45,1,2,2017-12-26T11:30:00Z,26 Dec 11:30,5,3,919089,2017-12-27T19:45:00Z,0,1,1,90,0,1,20,11,13
198,26 Dec 12:30,1,1,2017-12-26T11:30:00Z,26 Dec 11:30,2,4,919090,2017-12-26T12:30:00Z,5,2,1,90,0,1,20,14,17
199,26 Dec 15:00,1,1,2017-12-26T11:30:00Z,26 Dec 11:30,3,3,919091,2017-12-26T15:00:00Z,2,1,1,90,0,1,20,9,18
200,26 Dec 15:00,1,1,2017-12-26T11:30:00Z,26 Dec 11:30,2,2,919092,2017-12-26T15:00:00Z,0,0,1,90,0,1,20,7,19
201,30 Dec 15:00,1,1,2017-12-30T14:00:00Z,30 Dec 14:00,2,3,919093,2017-12-30T15:00:00Z,2,1,1,90,0,1,21,7,2
202,30 Dec 15:00,1,1,2017-12-30T14:00:00Z,30 Dec 14:00,2,4,919094,2017-12-30T15:00:00Z,5,0,1,90,0,1,21,15,5
203,31 Dec 12:00,1,2,2017-12-30T14:00:00Z,30 Dec 14:00,5,3,919095,2017-12-31T12:00:00Z,0,0,1,90,0,1,21,11,6
204,30 Dec 15:00,1,1,2017-12-30T14:00:00Z,30 Dec 14:00,3,2,919096,2017-12-30T15:00:00Z,0,0,1,90,0,1,21,4,8
205,30 Dec 15:00,1,1,2017-12-30T14:00:00Z,30 Dec 14:00,3,4,919097,2017-12-30T15:00:00Z,2,1,1,90,0,1,21,9,10
206,30 Dec 17:30,1,1,2017-12-30T14:00:00Z,30 Dec 14:00,2,4,919098,2017-12-30T17:30:00Z,0,0,1,90,0,1,21,14,12
207,30 Dec 15:00,1,1,2017-12-30T14:00:00Z,30 Dec 14:00,2,3,919099,2017-12-30T15:00:00Z,0,0,1,90,0,1,21,3,13
208,04 Jan 20:00,1,4,2018-01-01T11:30:00Z,01 Jan 11:30,2,4,919100,2018-01-04T20:00:00Z,1,1,1,90,0,1,22,20,17
209,30 Dec 15:00,1,1,2017-12-30T14:00:00Z,30 Dec 14:00,2,3,919101,2017-12-30T15:00:00Z,1,2,1,90,0,1,21,16,18
210,31 Dec 16:30,1,2,2017-12-30T14:00:00Z,30 Dec 14:00,4,2,919102,2017-12-31T16:30:00Z,1,1,1,90,0,1,21,1,19
211,03 Jan 19:45,1,3,2018-01-01T11:30:00Z,01 Jan 11:30,4,4,919103,2018-01-03T19:45:00Z,2,2,1,90,0,1,22,5,1
212,01 Jan 12:30,1,1,2018-01-01T11:30:00Z,01 Jan 11:30,3,2,919104,2018-01-01T12:30:00Z,2,2,1,90,0,1,22,2,3
213,01 Jan 15:00,1,1,2018-01-01T11:30:00Z,01 Jan 11:30,4,3,919105,2018-01-01T15:00:00Z,1,2,1,90,0,1,22,10,4
214,01 Jan 17:30,1,1,2018-01-01T11:30:00Z,01 Jan 11:30,4,3,919106,2018-01-01T17:30:00Z,0,2,1,90,0,1,22,12,7
215,01 Jan 15:00,1,1,2018-01-01T11:30:00Z,01 Jan 11:30,2,3,919107,2018-01-01T15:00:00Z,3,0,1,90,0,1,22,8,9
216,02 Jan 20:00,1,2,2018-01-01T11:30:00Z,01 Jan 11:30,2,5,919108,2018-01-02T20:00:00Z,3,1,1,90,0,1,22,18,11
217,02 Jan 19:45,1,2,2018-01-01T11:30:00Z,01 Jan 11:30,2,2,919109,2018-01-02T19:45:00Z,1,2,1,90,0,1,22,6,14
218,01 Jan 15:00,1,1,2018-01-01T11:30:00Z,01 Jan 11:30,3,2,919110,2018-01-01T15:00:00Z,0,1,1,90,0,1,22,13,15
219,02 Jan 19:45,1,2,2018-01-01T11:30:00Z,01 Jan 11:30,4,3,919111,2018-01-02T19:45:00Z,0,2,1,90,0,1,22,17,16
220,02 Jan 19:45,1,2,2018-01-01T11:30:00Z,01 Jan 11:30,2,3,919112,2018-01-02T19:45:00Z,2,1,1,90,0,1,22,19,20
221,14 Jan 13:30,1,2,2018-01-13T14:00:00Z,13 Jan 14:00,4,3,919113,2018-01-14T13:30:00Z,2,1,1,90,0,1,23,1,2
222,13 Jan 15:00,1,1,2018-01-13T14:00:00Z,13 Jan 14:00,3,4,919114,2018-01-13T15:00:00Z,0,0,1,90,0,1,23,9,5
223,13 Jan 15:00,1,1,2018-01-13T14:00:00Z,13 Jan 14:00,3,3,919115,2018-01-13T15:00:00Z,1,0,1,90,0,1,23,4,6
224,13 Jan 15:00,1,1,2018-01-13T14:00:00Z,13 Jan 14:00,2,2,919116,2018-01-13T15:00:00Z,1,4,1,90,0,1,23,20,8
225,14 Jan 16:00,1,2,2018-01-13T14:00:00Z,13 Jan 14:00,5,4,919117,2018-01-14T16:00:00Z,4,3,1,90,0,1,23,11,10
226,15 Jan 20:00,1,3,2018-01-13T14:00:00Z,13 Jan 14:00,2,4,919118,2018-01-15T20:00:00Z,3,0,1,90,0,1,23,15,12
227,13 Jan 15:00,1,1,2018-01-13T14:00:00Z,13 Jan 14:00,2,3,919119,2018-01-13T15:00:00Z,1,1,1,90,0,1,23,16,13
228,13 Jan 17:30,1,1,2018-01-13T14:00:00Z,13 Jan 14:00,2,4,919120,2018-01-13T17:30:00Z,4,0,1,90,0,1,23,7,17
229,13 Jan 15:00,1,1,2018-01-13T14:00:00Z,13 Jan 14:00,2,3,919121,2018-01-13T15:00:00Z,2,2,1,90,0,1,23,14,18
230,13 Jan 15:00,1,1,2018-01-13T14:00:00Z,13 Jan 14:00,2,2,919122,2018-01-13T15:00:00Z,2,0,1,90,0,1,23,3,19
231,20 Jan 15:00,1,1,2018-01-20T11:30:00Z,20 Jan 11:30,2,4,919123,2018-01-20T15:00:00Z,4,1,1,90,0,1,24,6,1
232,20 Jan 12:30,1,1,2018-01-20T11:30:00Z,20 Jan 11:30,4,2,919124,2018-01-20T12:30:00Z,0,4,1,90,0,1,24,5,3
233,20 Jan 15:00,1,1,2018-01-20T11:30:00Z,20 Jan 11:30,4,3,919125,2018-01-20T15:00:00Z,0,1,1,90,0,1,24,12,4
234,20 Jan 15:00,1,1,2018-01-20T11:30:00Z,20 Jan 11:30,2,3,919126,2018-01-20T15:00:00Z,1,1,1,90,0,1,24,19,7
235,20 Jan 15:00,1,1,2018-01-20T11:30:00Z,20 Jan 11:30,2,3,919127,2018-01-20T15:00:00Z,2,0,1,90,0,1,24,18,9
236,20 Jan 17:30,1,1,2018-01-20T11:30:00Z,20 Jan 11:30,3,5,919128,2018-01-20T17:30:00Z,3,1,1,90,0,1,24,13,11
237,21 Jan 16:00,1,2,2018-01-20T11:30:00Z,20 Jan 11:30,4,2,919129,2018-01-21T16:00:00Z,1,1,1,90,0,1,24,17,14
238,20 Jan 15:00,1,1,2018-01-20T11:30:00Z,20 Jan 11:30,2,2,919130,2018-01-20T15:00:00Z,2,0,1,90,0,1,24,8,15
239,22 Jan 20:00,1,3,2018-01-20T11:30:00Z,20 Jan 11:30,4,3,919131,2018-01-22T20:00:00Z,1,0,1,90,0,1,24,10,16
240,20 Jan 15:00,1,1,2018-01-20T11:30:00Z,20 Jan 11:30,3,3,919132,2018-01-20T15:00:00Z,1,1,1,90,0,1,24,2,20
241,30 Jan 20:00,1,1,2018-01-30T18:45:00Z,30 Jan 18:45,4,2,919133,2018-01-30T20:00:00Z,0,3,1,90,0,1,25,10,8
242,30 Jan 19:45,1,1,2018-01-30T18:45:00Z,30 Jan 18:45,4,3,919134,2018-01-30T19:45:00Z,3,1,1,90,0,1,25,1,16
243,30 Jan 19:45,1,1,2018-01-30T18:45:00Z,30 Jan 18:45,2,3,919135,2018-01-30T19:45:00Z,1,1,1,90,0,1,25,6,20
244,31 Jan 19:45,1,2,2018-01-30T18:45:00Z,30 Jan 18:45,3,4,919136,2018-01-31T19:45:00Z,0,3,1,90,0,1,25,2,5
245,31 Jan 19:45,1,2,2018-01-30T18:45:00Z,30 Jan 18:45,3,3,919137,2018-01-31T19:45:00Z,2,1,1,90,0,1,25,9,7
246,31 Jan 20:00,1,2,2018-01-30T18:45:00Z,30 Jan 18:45,2,5,919138,2018-01-31T20:00:00Z,3,0,1,90,0,1,25,19,11
247,31 Jan 19:45,1,2,2018-01-30T18:45:00Z,30 Jan 18:45,3,3,919139,2018-01-31T19:45:00Z,1,1,1,90,0,1,25,4,13
248,31 Jan 19:45,1,2,2018-01-30T18:45:00Z,30 Jan 18:45,2,2,919140,2018-01-31T19:45:00Z,1,1,1,90,0,1,25,3,14
249,31 Jan 20:00,1,2,2018-01-30T18:45:00Z,30 Jan 18:45,2,2,919141,2018-01-31T20:00:00Z,0,0,1,90,0,1,25,18,15
250,31 Jan 20:00,1,2,2018-01-30T18:45:00Z,30 Jan 18:45,4,4,919142,2018-01-31T20:00:00Z,2,0,1,90,0,1,25,12,17
251,03 Feb 17:30,1,1,2018-02-03T11:30:00Z,03 Feb 11:30,2,4,919144,2018-02-03T17:30:00Z,5,1,1,90,0,1,26,7,1
252,03 Feb 15:00,1,1,2018-02-03T11:30:00Z,03 Feb 11:30,2,3,919143,2018-02-03T15:00:00Z,2,1,1,90,0,1,26,15,2
253,03 Feb 15:00,1,1,2018-02-03T11:30:00Z,03 Feb 11:30,2,2,919145,2018-02-03T15:00:00Z,3,1,1,90,0,1,26,20,3
254,03 Feb 12:30,1,1,2018-02-03T11:30:00Z,03 Feb 11:30,5,3,919146,2018-02-03T12:30:00Z,1,1,1,90,0,1,26,11,4
255,04 Feb 14:15,1,2,2018-02-03T11:30:00Z,03 Feb 11:30,3,3,919147,2018-02-04T14:15:00Z,1,1,1,90,0,1,26,13,6
256,03 Feb 15:00,1,1,2018-02-03T11:30:00Z,03 Feb 11:30,2,3,919148,2018-02-03T15:00:00Z,1,1,1,90,0,1,26,16,9
257,04 Feb 16:30,1,2,2018-02-03T11:30:00Z,03 Feb 11:30,4,4,919149,2018-02-04T16:30:00Z,2,2,1,90,0,1,26,17,10
258,03 Feb 15:00,1,1,2018-02-03T11:30:00Z,03 Feb 11:30,2,4,919150,2018-02-03T15:00:00Z,2,0,1,90,0,1,26,8,12
259,05 Feb 20:00,1,3,2018-02-03T11:30:00Z,03 Feb 11:30,4,3,919151,2018-02-05T20:00:00Z,4,1,1,90,0,1,26,5,18
260,03 Feb 15:00,1,1,2018-02-03T11:30:00Z,03 Feb 11:30,2,2,919152,2018-02-03T15:00:00Z,2,3,1,90,0,1,26,14,19
261,12 Feb 20:00,1,3,2018-02-10T11:30:00Z,10 Feb 11:30,2,4,919153,2018-02-12T20:00:00Z,3,0,1,90,0,1,27,19,5
262,10 Feb 15:00,1,1,2018-02-10T11:30:00Z,10 Feb 11:30,2,3,919154,2018-02-10T15:00:00Z,3,1,1,90,0,1,27,6,7
263,11 Feb 12:00,1,2,2018-02-10T11:30:00Z,10 Feb 11:30,3,2,919155,2018-02-11T12:00:00Z,4,1,1,90,0,1,27,2,8
264,10 Feb 17:30,1,1,2018-02-10T11:30:00Z,10 Feb 11:30,3,5,919156,2018-02-10T17:30:00Z,5,1,1,90,0,1,27,9,11
265,11 Feb 14:15,1,2,2018-02-10T11:30:00Z,10 Feb 11:30,4,3,919157,2018-02-11T14:15:00Z,1,0,1,90,0,1,27,12,13
266,11 Feb 16:30,1,2,2018-02-10T11:30:00Z,10 Feb 11:30,4,2,919158,2018-02-11T16:30:00Z,0,2,1,90,0,1,27,10,14
267,10 Feb 15:00,1,1,2018-02-10T11:30:00Z,10 Feb 11:30,2,2,919159,2018-02-10T15:00:00Z,1,1,1,90,0,1,27,3,15
268,10 Feb 15:00,1,1,2018-02-10T11:30:00Z,10 Feb 11:30,3,3,919160,2018-02-10T15:00:00Z,1,0,1,90,0,1,27,4,16
269,10 Feb 12:30,1,1,2018-02-10T11:30:00Z,10 Feb 11:30,4,4,919161,2018-02-10T12:30:00Z,1,0,1,90,0,1,27,1,17
270,10 Feb 15:00,1,1,2018-02-10T11:30:00Z,10 Feb 11:30,2,3,919162,2018-02-10T15:00:00Z,2,0,1,90,0,1,27,18,20
271,01 Mar 19:45,1,3,2018-02-24T11:30:00Z,24 Feb 11:30,5,4,919164,2018-03-01T19:45:00Z,0,3,1,90,0,1,28,11,1
272,24 Feb 15:00,1,1,2018-02-24T11:30:00Z,24 Feb 11:30,3,3,919163,2018-02-24T15:00:00Z,2,2,1,90,0,1,28,13,2
273,24 Feb 15:00,1,1,2018-02-24T11:30:00Z,24 Feb 11:30,2,2,919165,2018-02-24T15:00:00Z,4,1,1,90,0,1,28,16,3
274,24 Feb 15:00,1,1,2018-02-24T11:30:00Z,24 Feb 11:30,2,3,919166,2018-02-24T15:00:00Z,1,1,1,90,0,1,28,14,4
275,25 Feb 12:00,1,2,2018-02-24T11:30:00Z,24 Feb 11:30,4,3,919167,2018-02-25T12:00:00Z,0,1,1,90,0,1,28,17,6
276,24 Feb 12:30,1,1,2018-02-24T11:30:00Z,24 Feb 11:30,2,3,919168,2018-02-24T12:30:00Z,1,1,1,90,0,1,28,15,9
277,24 Feb 15:00,1,1,2018-02-24T11:30:00Z,24 Feb 11:30,2,4,919169,2018-02-24T15:00:00Z,4,1,1,90,0,1,28,20,10
278,25 Feb 14:05,1,2,2018-02-24T11:30:00Z,24 Feb 11:30,4,4,919170,2018-02-25T14:05:00Z,2,1,1,90,0,1,28,5,12
279,24 Feb 17:30,1,1,2018-02-24T11:30:00Z,24 Feb 11:30,2,3,919171,2018-02-24T17:30:00Z,1,0,1,90,0,1,28,7,18
280,24 Feb 15:00,1,1,2018-02-24T11:30:00Z,24 Feb 11:30,2,2,919172,2018-02-24T15:00:00Z,1,2,1,90,0,1,28,8,19
281,04 Mar 13:30,1,2,2018-03-03T11:30:00Z,03 Mar 11:30,4,2,919173,2018-03-04T13:30:00Z,2,1,1,90,0,1,29,1,3
282,03 Mar 12:30,1,1,2018-03-03T11:30:00Z,03 Mar 11:30,2,3,919174,2018-03-03T12:30:00Z,2,1,1,90,0,1,29,7,4
283,05 Mar 20:00,1,3,2018-03-03T11:30:00Z,03 Mar 11:30,4,3,919175,2018-03-05T20:00:00Z,2,3,1,90,0,1,29,12,6
284,03 Mar 15:00,1,1,2018-03-03T11:30:00Z,03 Mar 11:30,3,3,919176,2018-03-03T15:00:00Z,1,1,1,90,0,1,29,2,9
285,03 Mar 17:30,1,1,2018-03-03T11:30:00Z,03 Mar 11:30,3,4,919177,2018-03-03T17:30:00Z,2,0,1,90,0,1,29,13,10
286,04 Mar 16:00,1,2,2018-03-03T11:30:00Z,03 Mar 11:30,4,5,919178,2018-03-04T16:00:00Z,1,0,1,90,0,1,29,5,11
287,03 Mar 15:00,1,1,2018-03-03T11:30:00Z,03 Mar 11:30,2,2,919179,2018-03-03T15:00:00Z,0,0,1,90,0,1,29,15,14
288,03 Mar 15:00,1,1,2018-03-03T11:30:00Z,03 Mar 11:30,2,3,919180,2018-03-03T15:00:00Z,4,1,1,90,0,1,29,20,16
289,03 Mar 15:00,1,1,2018-03-03T11:30:00Z,03 Mar 11:30,2,4,919181,2018-03-03T15:00:00Z,2,0,1,90,0,1,29,8,17
290,03 Mar 15:00,1,1,2018-03-03T11:30:00Z,03 Mar 11:30,2,3,919182,2018-03-03T15:00:00Z,1,0,1,90,0,1,29,19,18
291,11 Mar 13:30,1,2,2018-03-10T11:30:00Z,10 Mar 11:30,2,4,919184,2018-03-11T13:30:00Z,3,0,1,90,0,1,30,18,1
292,11 Mar 16:00,1,2,2018-03-10T11:30:00Z,10 Mar 11:30,4,3,919183,2018-03-11T16:00:00Z,1,4,1,90,0,1,30,17,2
293,10 Mar 17:30,1,1,2018-03-10T11:30:00Z,10 Mar 11:30,2,4,919185,2018-03-10T17:30:00Z,2,1,1,90,0,1,30,6,5
294,10 Mar 15:00,1,1,2018-03-10T11:30:00Z,10 Mar 11:30,2,3,919186,2018-03-10T15:00:00Z,2,0,1,90,0,1,30,3,7
295,10 Mar 15:00,1,1,2018-03-10T11:30:00Z,10 Mar 11:30,2,2,919187,2018-03-10T15:00:00Z,0,0,1,90,0,1,30,16,8
296,10 Mar 12:30,1,1,2018-03-10T11:30:00Z,10 Mar 11:30,4,4,919188,2018-03-10T12:30:00Z,2,1,1,90,0,1,30,10,12
297,10 Mar 15:00,1,1,2018-03-10T11:30:00Z,10 Mar 11:30,2,3,919189,2018-03-10T15:00:00Z,3,0,1,90,0,1,30,14,13
298,12 Mar 20:00,1,3,2018-03-10T11:30:00Z,10 Mar 11:30,5,2,919190,2018-03-12T20:00:00Z,0,2,1,90,0,1,30,11,15
299,10 Mar 15:00,1,1,2018-03-10T11:30:00Z,10 Mar 11:30,3,2,919191,2018-03-10T15:00:00Z,1,4,1,90,0,1,30,9,19
300,10 Mar 15:00,1,1,2018-03-10T11:30:00Z,10 Mar 11:30,3,3,919192,2018-03-10T15:00:00Z,0,3,1,90,0,1,30,4,20
301,17 Mar 15:00,1,1,2018-03-17T14:00:00Z,17 Mar 14:00,2,3,919193,2018-03-17T15:00:00Z,2,1,1,90,0,1,31,19,2
302,19 Apr 19:45,1,6,2018-04-14T10:30:00Z,14 Apr 11:30,4,3,919194,2018-04-19T18:45:00Z,1,2,1,90,0,1,34,5,4
303,17 Mar 15:00,1,1,2018-03-17T14:00:00Z,17 Mar 14:00,2,2,919195,2018-03-17T15:00:00Z,0,2,1,90,0,1,31,6,8
304,09 May 19:45,1,5,2018-05-04T18:00:00Z,04 May 19:00,4,3,919196,2018-05-09T18:45:00Z,3,1,1,90,0,1,37,1,9
305,17 Mar 17:30,1,1,2018-03-17T14:00:00Z,17 Mar 14:00,2,4,919197,2018-03-17T17:30:00Z,5,0,1,90,0,1,31,18,10
306,09 May 20:00,1,5,2018-05-04T18:00:00Z,04 May 19:00,2,5,919198,2018-05-09T19:00:00Z,3,1,1,90,0,1,37,3,11
307,17 Mar 15:00,1,1,2018-03-17T14:00:00Z,17 Mar 14:00,2,2,919199,2018-03-17T15:00:00Z,1,2,1,90,0,1,31,7,15
308,08 May 19:45,1,4,2018-05-04T18:00:00Z,04 May 19:00,2,3,919200,2018-05-08T18:45:00Z,0,1,1,90,0,1,37,14,16
309,09 May 20:00,1,5,2018-05-04T18:00:00Z,04 May 19:00,3,4,919201,2018-05-09T19:00:00Z,1,0,1,90,0,1,37,13,17
310,10 May 19:45,1,6,2018-05-04T18:00:00Z,04 May 19:00,4,3,919202,2018-05-10T18:45:00Z,0,0,1,90,0,1,37,12,20
311,01 Apr 13:30,1,2,2018-03-31T10:30:00Z,31 Mar 11:30,2,4,919203,2018-04-01T12:30:00Z,3,0,1,90,0,1,32,15,1
312,31 Mar 15:00,1,1,2018-03-31T10:30:00Z,31 Mar 11:30,3,2,919204,2018-03-31T14:00:00Z,0,2,1,90,0,1,32,9,3
313,01 Apr 16:00,1,2,2018-03-31T10:30:00Z,31 Mar 11:30,4,4,919205,2018-04-01T15:00:00Z,1,3,1,90,0,1,32,17,5
314,31 Mar 12:30,1,1,2018-03-31T10:30:00Z,31 Mar 11:30,4,3,919206,2018-03-31T11:30:00Z,1,2,1,90,0,1,32,10,6
315,31 Mar 17:30,1,1,2018-03-31T10:30:00Z,31 Mar 11:30,5,3,919207,2018-03-31T16:30:00Z,1,3,1,90,0,1,32,11,7
316,31 Mar 15:00,1,1,2018-03-31T10:30:00Z,31 Mar 11:30,2,4,919208,2018-03-31T14:00:00Z,2,0,1,90,0,1,32,16,12
317,31 Mar 15:00,1,1,2018-03-31T10:30:00Z,31 Mar 11:30,2,3,919209,2018-03-31T14:00:00Z,1,0,1,90,0,1,32,8,13
318,31 Mar 15:00,1,1,2018-03-31T10:30:00Z,31 Mar 11:30,3,3,919211,2018-03-31T14:00:00Z,2,2,1,90,0,1,32,2,18
319,31 Mar 15:00,1,1,2018-03-31T10:30:00Z,31 Mar 11:30,3,2,919212,2018-03-31T14:00:00Z,1,2,1,90,0,1,32,4,19
320,31 Mar 15:00,1,1,2018-03-31T10:30:00Z,31 Mar 11:30,2,3,918912,2018-03-31T14:00:00Z,3,0,1,90,0,1,32,14,20
321,08 Apr 14:15,1,2,2018-04-07T10:30:00Z,07 Apr 11:30,2,4,919214,2018-04-08T13:15:00Z,3,2,1,90,0,1,33,14,1
322,07 Apr 15:00,1,1,2018-04-07T10:30:00Z,07 Apr 11:30,2,3,919213,2018-04-07T14:00:00Z,2,2,1,90,0,1,33,6,2
323,07 Apr 15:00,1,1,2018-04-07T10:30:00Z,07 Apr 11:30,2,2,919215,2018-04-07T14:00:00Z,1,1,1,90,0,1,33,8,3
324,08 Apr 16:30,1,2,2018-04-07T10:30:00Z,07 Apr 11:30,2,4,919216,2018-04-08T15:30:00Z,1,1,1,90,0,1,33,20,5
325,07 Apr 12:30,1,1,2018-04-07T10:30:00Z,07 Apr 11:30,4,3,919217,2018-04-07T11:30:00Z,0,0,1,90,0,1,33,10,7
326,07 Apr 15:00,1,1,2018-04-07T10:30:00Z,07 Apr 11:30,3,3,919218,2018-04-07T14:00:00Z,1,2,1,90,0,1,33,13,9
327,07 Apr 17:30,1,1,2018-04-07T10:30:00Z,07 Apr 11:30,4,5,919219,2018-04-07T16:30:00Z,2,3,1,90,0,1,33,12,11
328,07 Apr 15:00,1,1,2018-04-07T10:30:00Z,07 Apr 11:30,4,2,919220,2018-04-07T14:00:00Z,1,2,1,90,0,1,33,17,15
329,07 Apr 15:00,1,1,2018-04-07T10:30:00Z,07 Apr 11:30,3,3,919221,2018-04-07T14:00:00Z,1,2,1,90,0,1,33,4,18
330,07 Apr 15:00,1,1,2018-04-07T10:30:00Z,07 Apr 11:30,2,2,919222,2018-04-07T14:00:00Z,1,1,1,90,0,1,33,16,19
331,14 Apr 15:00,1,1,2018-04-14T10:30:00Z,14 Apr 11:30,3,3,919223,2018-04-14T14:00:00Z,2,1,1,90,0,1,34,9,4
332,14 Apr 15:00,1,1,2018-04-14T10:30:00Z,14 Apr 11:30,2,3,919224,2018-04-14T14:00:00Z,3,2,1,90,0,1,34,3,6
333,14 Apr 15:00,1,1,2018-04-14T10:30:00Z,14 Apr 11:30,2,2,919225,2018-04-14T14:00:00Z,1,0,1,90,0,1,34,18,8
334,14 Apr 17:30,1,1,2018-04-14T10:30:00Z,14 Apr 11:30,3,4,919226,2018-04-14T16:30:00Z,3,0,1,90,0,1,34,2,10
335,15 Apr 16:00,1,2,2018-04-14T10:30:00Z,14 Apr 11:30,2,4,919227,2018-04-15T15:00:00Z,0,1,1,90,0,1,34,19,12
336,15 Apr 13:30,1,2,2018-04-14T10:30:00Z,14 Apr 11:30,4,3,919228,2018-04-15T12:30:00Z,2,1,1,90,0,1,34,1,13
337,14 Apr 12:30,1,1,2018-04-14T10:30:00Z,14 Apr 11:30,4,2,919229,2018-04-14T11:30:00Z,2,3,1,90,0,1,34,5,14
338,14 Apr 15:00,1,1,2018-04-14T10:30:00Z,14 Apr 11:30,2,3,919230,2018-04-14T14:00:00Z,1,1,1,90,0,1,34,7,16
339,14 Apr 19:45,1,1,2018-04-14T10:30:00Z,14 Apr 11:30,5,4,919231,2018-04-14T18:45:00Z,1,3,1,90,0,1,34,11,17
340,16 Apr 20:00,1,3,2018-04-14T10:30:00Z,14 Apr 11:30,2,3,919232,2018-04-16T19:00:00Z,1,1,1,90,0,1,34,15,20
341,22 Apr 13:30,1,2,2018-04-21T10:30:00Z,21 Apr 11:30,2,4,919234,2018-04-22T12:30:00Z,4,1,1,90,0,1,35,20,1
342,18 Apr 19:45,1,5,2018-04-14T10:30:00Z,14 Apr 11:30,4,3,919233,2018-04-18T18:45:00Z,0,2,1,90,0,1,34,12,2
343,17 Apr 19:45,1,4,2018-04-14T10:30:00Z,14 Apr 11:30,4,2,919235,2018-04-17T18:45:00Z,1,1,1,90,0,1,34,17,3
344,09 May 19:45,1,5,2018-05-04T18:00:00Z,04 May 19:00,2,4,919236,2018-05-09T18:45:00Z,1,1,1,90,0,1,37,8,5
345,23 Apr 20:00,1,3,2018-04-21T10:30:00Z,21 Apr 11:30,3,3,919237,2018-04-23T19:00:00Z,1,0,1,90,0,1,35,13,7
346,19 Apr 19:45,1,6,2018-04-14T10:30:00Z,14 Apr 11:30,2,3,919238,2018-04-19T18:45:00Z,0,0,1,90,0,1,34,14,9
347,22 Apr 16:30,1,2,2018-04-21T10:30:00Z,21 Apr 11:30,2,5,919239,2018-04-22T15:30:00Z,5,0,1,90,0,1,35,16,11
348,22 Apr 13:30,1,2,2018-04-21T10:30:00Z,21 Apr 11:30,3,2,919240,2018-04-22T12:30:00Z,1,1,1,90,0,1,35,4,15
349,21 Apr 15:00,1,1,2018-04-21T10:30:00Z,21 Apr 11:30,2,3,919241,2018-04-21T14:00:00Z,0,0,1,90,0,1,35,6,18
350,21 Apr 12:30,1,1,2018-04-21T10:30:00Z,21 Apr 11:30,4,2,919242,2018-04-21T11:30:00Z,2,2,1,90,0,1,35,10,19
351,28 Apr 15:00,1,1,2018-04-28T10:30:00Z,28 Apr 11:30,2,3,919243,2018-04-28T14:00:00Z,0,0,1,90,0,1,36,3,4
352,28 Apr 15:00,1,1,2018-04-28T10:30:00Z,28 Apr 11:30,3,3,919244,2018-04-28T14:00:00Z,5,0,1,90,0,1,36,9,6
353,28 Apr 15:00,1,1,2018-04-28T10:30:00Z,28 Apr 11:30,2,2,919245,2018-04-28T14:00:00Z,0,2,1,90,0,1,36,7,8
354,28 Apr 12:30,1,1,2018-04-28T10:30:00Z,28 Apr 11:30,2,4,919246,2018-04-28T11:30:00Z,0,0,1,90,0,1,36,15,10
355,29 Apr 16:30,1,2,2018-04-28T10:30:00Z,28 Apr 11:30,4,4,919247,2018-04-29T15:30:00Z,2,1,1,90,0,1,36,1,12
356,28 Apr 15:00,1,1,2018-04-28T10:30:00Z,28 Apr 11:30,2,3,919248,2018-04-28T14:00:00Z,0,1,1,90,0,1,36,19,13
357,28 Apr 15:00,1,1,2018-04-28T10:30:00Z,28 Apr 11:30,3,2,919249,2018-04-28T14:00:00Z,2,1,1,90,0,1,36,2,14
358,28 Apr 17:30,1,1,2018-04-28T10:30:00Z,28 Apr 11:30,4,3,919250,2018-04-28T16:30:00Z,0,1,1,90,0,1,36,5,16
359,30 Apr 20:00,1,3,2018-04-28T10:30:00Z,28 Apr 11:30,2,4,919251,2018-04-30T19:00:00Z,2,0,1,90,0,1,36,18,17
360,29 Apr 14:15,1,2,2018-04-28T10:30:00Z,28 Apr 11:30,5,3,919252,2018-04-29T13:15:00Z,1,4,1,90,0,1,36,11,20
361,06 May 16:30,1,3,2018-05-04T18:00:00Z,04 May 19:00,3,4,919254,2018-05-06T15:30:00Z,5,0,1,90,0,1,37,4,1
362,05 May 15:00,1,2,2018-05-04T18:00:00Z,04 May 19:00,2,3,919253,2018-05-05T14:00:00Z,1,0,1,90,0,1,37,16,2
363,04 May 20:00,1,1,2018-05-04T18:00:00Z,04 May 19:00,4,2,919255,2018-05-04T19:00:00Z,1,0,1,90,0,1,37,12,3
364,06 May 16:30,1,3,2018-05-04T18:00:00Z,04 May 19:00,4,4,919256,2018-05-06T15:30:00Z,1,0,1,90,0,1,37,10,5
365,05 May 17:30,1,2,2018-05-04T18:00:00Z,04 May 19:00,2,3,919257,2018-05-05T16:30:00Z,1,1,1,90,0,1,37,14,7
366,05 May 15:00,1,2,2018-05-04T18:00:00Z,04 May 19:00,2,3,919258,2018-05-05T14:00:00Z,0,2,1,90,0,1,37,20,9
367,06 May 13:30,1,3,2018-05-04T18:00:00Z,04 May 19:00,2,5,919259,2018-05-06T12:30:00Z,0,0,1,90,0,1,37,8,11
368,05 May 12:30,1,2,2018-05-04T18:00:00Z,04 May 19:00,2,2,919260,2018-05-05T11:30:00Z,1,2,1,90,0,1,37,6,15
369,05 May 15:00,1,2,2018-05-04T18:00:00Z,04 May 19:00,3,3,919261,2018-05-05T14:00:00Z,2,1,1,90,0,1,37,13,18
370,05 May 15:00,1,2,2018-05-04T18:00:00Z,04 May 19:00,4,2,919262,2018-05-05T14:00:00Z,1,0,1,90,0,1,37,17,19
371,13 May 15:00,1,1,2018-05-13T13:00:00Z,13 May 14:00,3,3,919263,2018-05-13T14:00:00Z,1,2,1,90,0,1,38,2,4
372,13 May 15:00,1,1,2018-05-13T13:00:00Z,13 May 14:00,2,3,919264,2018-05-13T14:00:00Z,2,0,1,90,0,1,38,19,6
373,13 May 15:00,1,1,2018-05-13T13:00:00Z,13 May 14:00,4,2,919265,2018-05-13T14:00:00Z,0,1,1,90,0,1,38,1,8
374,13 May 15:00,1,1,2018-05-13T13:00:00Z,13 May 14:00,2,4,919266,2018-05-13T14:00:00Z,4,0,1,90,0,1,38,3,10
375,13 May 15:00,1,1,2018-05-13T13:00:00Z,13 May 14:00,2,4,919267,2018-05-13T14:00:00Z,1,0,1,90,0,1,38,18,12
376,13 May 15:00,1,1,2018-05-13T13:00:00Z,13 May 14:00,4,3,919268,2018-05-13T14:00:00Z,3,0,1,90,0,1,38,5,13
377,13 May 15:00,1,1,2018-05-13T13:00:00Z,13 May 14:00,5,2,919269,2018-05-13T14:00:00Z,0,1,1,90,0,1,38,11,14
378,13 May 15:00,1,1,2018-05-13T13:00:00Z,13 May 14:00,2,3,919270,2018-05-13T14:00:00Z,1,2,1,90,0,1,38,15,16
379,13 May 15:00,1,1,2018-05-13T13:00:00Z,13 May 14:00,3,4,919271,2018-05-13T14:00:00Z,5,4,1,90,0,1,38,9,17
380,13 May 15:00,1,1,2018-05-13T13:00:00Z,13 May 14:00,2,3,919272,2018-05-13T14:00:00Z,3,1,1,90,0,1,38,7,20
